{
  "avg": 0.37891994230872883,
  "stddev": 0.2129485618068358,
  "min": -0.015999905526010945,
  "max": 0.7050664466739996
}