{
  "avg": 0.2402713485286887,
  "stddev": 0.11494381775185122,
  "min": -0.0199999549204345,
  "max": 0.4306795127940068
}