{
  "avg": 0.2742283424640637,
  "stddev": 0.1435586954839425,
  "min": -0.019999998881052458,
  "max": 0.6702055917272035
}