{
  "avg": 0.4872786439632131,
  "stddev": 0.2144137004561424,
  "min": 0.06675744603997852,
  "max": 0.9010820320831119
}