{
  "avg": 0.2734187383039728,
  "stddev": 0.11543569496309322,
  "min": -0.017500000958116393,
  "max": 0.5306211548197535
}