{
  "avg": 0.33532250085295595,
  "stddev": 0.19252578125739483,
  "min": -0.016666623394337683,
  "max": 0.8143558168055924
}