{
  "avg": 0.26493383547198285,
  "stddev": 0.17957460340991863,
  "min": -0.02000000019965484,
  "max": 0.757809627563327
}