{
  "avg": 0.26089068135373206,
  "stddev": 0.11737062581325991,
  "min": -0.015999999705537934,
  "max": 0.43200985402684766
}