{
  "avg": 0.24216276125196398,
  "stddev": 0.21299764528952228,
  "min": -0.020000008464080045,
  "max": 0.8113964124686199
}