{
  "avg": 0.3049027033822853,
  "stddev": 0.08310714004150098,
  "min": -0.009999999999999724,
  "max": 0.5145248503501791
}