{
  "avg": 0.29145489456658713,
  "stddev": 0.11980157202775955,
  "min": -0.01666666539245612,
  "max": 0.5408389758759601
}